Título,Autores,Ano,DOI,Revista,Detalhes_Publicação,Documento_Origem,Pagina
Molecular portraits of human breast tumours,Perou CM; Sørlie T; Eisen MB; van de Rijn M; Jeffrey SS; Rees CA; et al.,2000,10.1038/35021093,Nature,406(6797):747-52,Adjuvante,N/A
Comprehensive molecular portraits of human breast tumours,Cancer Genome Atlas Network,2012,10.1038/nature11412,Nature,490(7418):61-70,Adjuvante,Erro
PREDICT: a new UK prognostic model that predicts survival following surgery for invasive breast cancer,Wishart GC; Azzato EM; Greenberg DC; Rashbass J; Kearins O; Lawrence G; et al.,2010,10.1186/bcr2464,Breast Cancer Res,12(1):R1,Adjuvante,Erro
Breast Cancer in Men,Giordano SH,2018,10.1056/NEJMra1707939,N Engl J Med,378(24):2311-20,Adjuvante,Erro
Management of Male Breast Cancer: ASCO Guideline,Hassett MJ; Somerfield MR; Baker ER; Cardoso F; Kansal KJ; Kwait DC; et al.,2020,10.1200/JOP.19.00792,J Clin Oncol,38(16):1849-63,Adjuvante,Erro
"Role of Patient and Disease Factors in Adjuvant Systemic Therapy Decision Making for Early-Stage, Operable Breast Cancer",Henry NL; Somerfield MR; Abramson VG; Ismaila N; Allison KH; Anders CK; et al.,2019,10.1200/JCO.19.00922,J Clin Oncol,37(22):1965-77,Adjuvante,Erro
Prediction of risk of distant recurrence using the 21-gene recurrence score in node-negative and node-positive postmenopausal patients with breast cancer treated with anastrozole or tamoxifen,Dowsett M; Cuzick J; Wale C; Forbes J; Mallon EA; Salter J; et al.,2010,10.1200/JCO.2009.24.4798,J Clin Oncol,28(11):1829-34,Adjuvante,Erro
"Gene expression and benefit of chemotherapy in women with node-negative, estrogen receptor-positive breast cancer",Paik S; Tang G; Shak S; Kim C; Baker J; Kim W; et al.,2006,10.1200/JCO.2005.04.7985,J Clin Oncol,24(23):3726-34,Adjuvante,N/A
Clinical and Genomic Risk to Guide the Use of Adjuvant Therapy for Breast Cancer,Sparano JA; Gray RJ; Ravdin PM; Makower DF; Pritchard KI; Albain KS; et al.,2019,10.1056/NEJMoa1904819,N Engl J Med,380(25):2395-405,Adjuvante,N/A
21-Gene assay as predictor of chemotherapy benefit in HER2-negative breast cancer,Geyer CE; Tang G; Mamounas EP; Rastogi P; Paik S; Shak S; et al.,2018,10.1038/s41523-018-0090-6,NPJ Breast Cancer,4:37,Adjuvante,N/A
"First results from a phase III randomized clinical trial of standard adjuvant endocrine therapy (ET) +/- chemotherapy (CT) in patients with 1-3 positive nodes, hormone receptor-positive (HR+) and HER2-negative (HER2-) breast cancer with recurrence score (RS) < 25",Kalinsky K; Barlow WE; Meric-Bernstam F; Gralow JR; Albain KS; Hayes D; et al.,2021,10.1158/1538-7445.SABCS20-GS3-00,Cancer Res,81(4 Supplement):GS3-GS3-00,Adjuvante,Erro
Development and Validation of a Tool Integrating the 21-Gene Recurrence Score and Clinical-Pathological Features to Individualize Prognosis and Prediction of Chemotherapy Benefit in Early Breast Cancer,Sparano JA; Crager MR; Tang G; Gray RJ; Stemmer SM; Shak S,2021,10.1200/JCO.20.03007,J Clin Oncol,39(6):557-64,Adjuvante,Erro
The predictive value of the 70-gene signature for adjuvant chemotherapy in early breast cancer,Knauer M; Mook S; Rutgers EJT; Bender RA; Hauptmann M; van de Vijver MJ; et al.,2010,10.1007/s10549-010-0814-2,Breast Cancer Res Treat,120(3):655-61,Adjuvante,Erro
A prospective evaluation of a breast cancer prognosis signature in the observational RASTER study,Drukker CA; Bueno-de-Mesquita JM; Retel VP; van Harten WH; van Tinteren H; Wesseling J; et al.,2013,10.1002/ijc.28057,Int J Cancer,133(4):929-36,Adjuvante,Erro
70-Gene Signature as an Aid to Treatment Decisions in Early-Stage Breast Cancer,Cardoso F; van't Veer LJ; Bogaerts J; Slaets L; Viale G; Delaloge S; et al.,2016,10.1056/NEJMoa1602253,N Engl J Med,375(8):717-29,Adjuvante,N/A
"How low is low risk: MINDACT updated outcome and treatment benefit in patients considered clinical low risk and stratified by genomic signature, age and nodal status",Veer LJ van 't; Cardoso F; Poncet C; Cardozo JL; Delaloge S; Pierga JY; et al.,2021,10.1158/1538-7445.SABCS20-GS4-11,Cancer Res,81(4 Supplement):GS4-GS4-11,Adjuvante,N/A
70-gene signature as an aid for treatment decisions in early breast cancer: updated results of the phase 3 randomised MINDACT trial with an exploratory analysis by age,Piccart M; van 't Veer LJ; Poncet C; Lopes Cardozo JMN; Delaloge S; Pierga JY; et al.,2021,10.1056/NEJMoa1602253,Lancet Oncol,22(4):476-88,Adjuvante,TAILORx
Oncotype DX Recurrence Score in premenopausal women,Zhang S; Fitzsimmons KC; Hurvitz SA,2022,10.1177/17588359221081077,Ther Adv Med Oncol,14:17588359221081077,Adjuvante,Erro
NCCN Clinical Practice Guidelines in Oncology (NCCN Guidelines®): Breast Cancer. Version 1.2026,National Comprehensive Cancer Network,2026,N/A,NCCN,N/A,Adjuvante,Erro
https://clinicaltrials.gov/study/NCT05879926,N/A,N/A,N/A,N/A,N/A,Adjuvante,Erro
Prediction of the Oncotype Dx recurrence score (RS) from clinicopathologic factors,Voutsadakis IA; Thibodeau S; Reed M,2019,10.1158/1538-7445.SABCS18-P2-07-11,Cancer Res,79(4 Supplement):P2-07-11-P2-07-11,Adjuvante,Erro
Avoiding Peg-Filgrastim Prophylaxis During the Paclitaxel Portion of the Dose-Dense Doxorubicin-Cyclophosphamide and Paclitaxel Regimen,Vaz-Luis I; Barroso-Sousa R; Di Meglio A; Hu J; Rees R; Sinclair N; et al.,2020,10.1200/JCO.19.02484,J Clin Oncol,38(21):2390-7,Adjuvante,Erro
"Two months of doxorubicin-cyclophosphamide with and without interval rein-duction therapy compared with 6 months of cyclophosphamide, methotrexate, and fluorouracil in positive-node breast cancer patients with tamoxifen-nonresponsive tumors",Fisher B; Brown AM; Dimitrov NV; Poisson R; Redmond C; Margolese RG; et al.,1990,10.1200/JCO.1990.8.9.1483,J Clin Oncol,8(9):1483-96,Adjuvante,Erro
Docetaxel With Cyclophosphamide Is Associated With an Overall Survival Benefit Compared With Doxorubicin and Cyclophosphamide: 7-Year Follow-Up of US Oncology Research Trial 9735,Jones S; Holmes FA; O'Shaughnessy J; Blum JL; Vukelja SJ; McIntyre KJ; et al.,2009,10.1200/JCO.2008.18.4028,J Clin Oncol,27(8):1177-83,Adjuvante,TAILORx
Paclitaxel after doxorubicin plus cyclophosphamide as adjuvant chemotherapy for node-positive breast cancer,Mamounas EP; Bryant J; Lembersky B; Fehrenbacher L; Sedlacek SM; Fisher B; et al.,2005,10.1200/JCO.2005.09.085,J Clin Oncol,23(16):3686-96,Adjuvante,Erro
Improved outcomes from adding sequential Paclitaxel but not from escalating Doxorubicin dose in an adjuvant chemotherapy regimen for patients with node-positive primary breast cancer,Henderson IC; Berry DA; Demetri GD; Cirrincione CT; Goldstein LJ; Martino S; et al.,2003,10.1200/JCO.2003.02.063,J Clin Oncol,21(6):976-83,Adjuvante,Erro
"Anthracyclines in Early Breast Cancer: The ABC Trials-USOR 06-090, NSABP B-46-1/USOR 07132, and NSABP B-49 (NRG Oncology)",Blum JL; Flynn PJ; Yothers G; Asmar L; Geyer CE; Jacobs SA; et al.,2017,10.1200/JCO.2016.71.4147,J Clin Oncol,35(23):2647-55,Adjuvante,Erro
West German Study PlanB Trial: Adjuvant Four Cycles of Epirubicin and Cyclophosphamide Plus Docetaxel Versus Six Cycles of Docetaxel and Cyclophosphamide in HER2-Negative Early Breast Cancer,Nitz U; Gluz O; Clemens M; Malter W; Reimer T; Nuding B; et al.,2019,10.1200/JCO.18.00237,J Clin Oncol,37(10):799-808,Adjuvante,Erro
Effect of Adjuvant Paclitaxel and Carboplatin on Survival in Women With Triple-Negative Breast Cancer,Yu KD; Ye FG; He M; Fan L; Ma D; Mo M; et al.,2020,10.1001/jamaoncol.2020.2965,JAMA Oncol,6(9):1390-6,Adjuvante,Erro
Weekly Paclitaxel in the Adjuvant Treatment of Breast Cancer,Sparano JA; Wang M; Martino S; Jones V; Perez EA; Saphner T; et al.,2008,10.1056/NEJMoa0707056,N Engl J Med,358(16):1663-71,Adjuvante,Erro
Randomized Trial of Dose-Dense Versus Conventionally Scheduled and Sequential Versus Concurrent Combination Chemotherapy as Postoperative Adjuvant Treatment of Node-Positive Primary Breast Cancer,Citron ML; Berry DA; Cirrincione C; Hudis C; Winer EP; Gradishar WJ; et al.,2003,10.1200/JCO.2003.09.081,J Clin Oncol,21(8):1431-9,Adjuvante,Erro
Increasing the dose intensity of chemotherapy by more frequent administration or sequential scheduling,Gray R; Bradley R; Braybrooke J; Liu Z; Peto R; Davies L; et al.,2019,10.1016/S0140-6736(18)33137-4,Lancet,393(10179):1440-52,Adjuvante,Erro
Fluorouracil and dose-dense chemotherapy in adjuvant treatment of patients with early-stage breast cancer,Del Mastro L; De Placido S; Bruzzi P; De Laurentiis M; Boni C; Cavazzini G; et al.,2015,10.1016/S0140-6736(14)62048-1,Lancet,385(9980):1863-72,Adjuvante,Erro
Adding Ovarian Suppression to Tamoxifen for Premenopausal Women With Hormone Receptor-Positive Breast Cancer After Chemotherapy,Baek SY; Noh WC; Ahn SH; Kim HA; Ryu JM; Kim SI; et al.,2023,10.1200/JCO.23.00557,J Clin Oncol,41(31):4864-71,Adjuvante,Erro
A comparison of letrozole and tamoxifen in postmenopausal women with early breast cancer,Breast International Group (BIG) 1-98 Collaborative Group; Thurlimann B; Keshaviah A; Coates AS; Mouridsen H; Mauriac L; et al.,2005,10.1056/NEJMoa052258,N Engl J Med,353(26):2747-57,Adjuvante,MINDACT
Adjuvant Exemestane with Ovarian Suppression in Premenopausal Breast Cancer,Pagani O; Regan MM; Walley BA; Fleming GF; Colleoni M; Lang I; et al.,2014,10.1056/NEJMoa1404037,N Engl J Med,371(2):107-18,Adjuvante,N/A
Neoadjuvant Degarelix Versus Triptorelin in Premenopausal Patients Who Receive Letrozole for Locally Advanced Endocrine-Responsive Breast Cancer,Dellapasqua S; Gray KP; Munzone E; Rubino D; Gianni L; Johansson H; et al.,2019,10.1200/JCO.18.00296,J Clin Oncol,37(5):386-95,Adjuvante,Erro
Adjuvant abemaciclib combined with endocrine therapy for high-risk early breast cancer,Harbeck N; Rastogi P; Martin M; Tolaney SM; Shao ZM; Fasching PA; et al.,2021,10.1016/j.annonc.2021.09.015,Ann Oncol,32(12):1571-81,Adjuvante,Erro
Overall survival with abemaciclib in early breast cancer,Johnston S; Martin M; O'Shaughnessy J; Hegg R; Tolaney SM; Guarneri V; et al.,2026,10.1016/j.annonc.2025.12.001,Annals of Oncology,37(2):155-65,Adjuvante,N/A
Ribociclib plus Endocrine Therapy in Early Breast Cancer,Slamon D; Lipatov O; Nowecki Z; McAndrew N; Kukielka-Budny B; Stroyakovskiy D; et al.,2024,10.1056/NEJMoa2305488,N Engl J Med,390(12):1080-91,Adjuvante,N/A
Palbociclib with adjuvant endocrine therapy in early breast cancer (PALLAS),Mayer EL; Dueck AC; Martin M; Rubovszky G; Burstein HJ; Bellet-Ezquerra M; et al.,2021,10.1016/S1470-2045(20)30642-2,Lancet Oncol,22(2):212-22,Adjuvante,Erro
"Phase III study of palbociclib combined with endocrine therapy (ET) in patients with hormone-receptor-positive (HR+), HER2-negative primary breast cancer and with high relapse risk after neoadjuvant chemotherapy (NACT)",Loibl S; Marmé F; Martin M; Untch M; Bonnefoi H; Kim SB; et al.,2021,10.1158/1538-7445.SABCS20-GS1-02,Cancer Res,81(4 Supplement):GS1-GS1-02,Adjuvante,Erro
Long-term effects of continuing adjuvant tamoxifen to 10 years versus stopping at 5 years after diagnosis of oestrogen receptor-positive breast cancer,Davies C; Pan H; Godwin J; Gray R; Arriagada R; Raina V; et al.,2013,10.1016/S0140-6736(12)61963-1,Lancet,381(9869):805-16,Adjuvante,Erro
"aTTom: Long-term effects of continuing adjuvant tamoxifen to 10 years versus stopping at 5 years in 6,953 women with early breast cancer",Gray DR; University of Oxford O; University of Birmingham B; AO Foundation Z; NIHR Cambridge Biomedical Research Centre C; Department of Medical Oncology ACC; et al.,2013,N/A,ASCO Meeting Library,N/A,Adjuvante,NSABP B-28
Extending Aromatase-Inhibitor Adjuvant Therapy to 10 Years,Goss PE; Ingle JN; Pritchard KI; Robert NJ; Muss H; Gralow J; et al.,2016,10.1056/NEJMoa1604700,N Engl J Med,375(3):209-19,Adjuvante,NSABP B-28 / E1199
Extended therapy with letrozole as adjuvant treatment of postmenopausal patients with early-stage breast cancer,Mastro LD; Mansutti M; Bisagni G; Ponzone R; Durando A; Amaducci L; et al.,2021,10.1016/s1470-2045(21)00352-1,Lancet Oncol,22(10):1458-67,Adjuvante,Erro
Duration of Adjuvant Aromatase-Inhibitor Therapy in Postmenopausal Breast Cancer,Gnant M; Fitzal F; Rinnenthaler G; Steger GG; Greil-Ressler S; Balic M; et al.,2021,10.1056/NEJMoa2104162,N Engl J Med,385(5):395-405,Adjuvante,Erro
Integration of Clinical Variables for the Prediction of Late Distant Recurrence in Patients With Estrogen Receptor-Positive Breast Cancer Treated With 5 Years of Endocrine Therapy,Dowsett M; Sestak I; Regan MM; Dodson A; Viale G; Thürlimann B; et al.,2018,10.1200/JCO.2017.76.4258,J Clin Oncol,36(19):1941-8,Adjuvante,Erro
Five versus more than five years of tamoxifen for lymph node-negative breast cancer,Fisher B; Dignam J; Bryant J; Wolmark N,2001,10.1093/jnci/93.9.684,J Natl Cancer Inst,93(9):684-90,Adjuvante,Erro
Effects of chemotherapy and hormonal therapy for early breast cancer on recurrence and 15-year survival,Early Breast Cancer Trialists' Collaborative Group (EBCTCG),2005,10.1016/S0140-6736(05)66544-0,Lancet,365(9472):1687-717,Adjuvante,Erro
A prospective randomized multi-center phase-III trial of additional 2 versus additional 5 years of anastrozole after initial 5 years of adjuvant endocrine therapy,Gnant M; Steger G; Greil R; Fitzal F; Milneritsch B; Manfreda D; et al.,2018,10.1158/1538-7445.SABCS17-GS3-01,Cancer Res,78(4 Supplement):GS3-01-GS3-01,Adjuvante,Erro
Longer-term outcomes of letrozole versus placebo after 5 years of tamoxifen in the NCIC CTG MA.17 trial,Jin H; Tu D; Zhao N; Shepherd LE; Goss PE,2012,10.1200/JCO.2010.34.4010,J Clin Oncol,30(7):718-21,Adjuvante,Erro
Adjuvant Capecitabine for Breast Cancer after Preoperative Chemotherapy,Masuda N; Lee SJ; Ohtani S; Im YH; Lee ES; Yokota I; et al.,2017,10.1056/NEJMoa1612645,N Engl J Med,376(22):2147-59,Adjuvante,E1199
Potential regional differences for the tolerability profiles of fluoropyrimidines,Haller DG; Cassidy J; Clarke SJ; Cunningham D; Van Cutsem E; Hoff PM; et al.,2008,10.1200/JCO.2007.15.2090,J Clin Oncol,26(13):2118-23,Adjuvante,Erro
"Overall survival in the OlympiA phase III trial of adjuvant olaparib in patients with germline pathogenic variants in BRCA1/2 and high-risk, early breast cancer",Geyer CE; Garber JE; Gelber RD; Yothers G; Taboada M; Ross L; et al.,2022,10.1016/j.annonc.2022.09.159,Ann Oncol,33(12):1250-68,Adjuvante,Intergroup C9741
Pembrolizumab for Early Triple-Negative Breast Cancer,Schmid P; Cortes J; Pusztai L; McArthur H; Kümmel S; Bergh J; et al.,2020,10.1056/NEJMoa1910549,N Engl J Med,382(9):810-21,Adjuvante,EBCTCG Meta-analysis (Dose-dense)
Adjuvant trastuzumab in HER2-positive breast cancer,Slamon D; Eiermann W; Robert N; Pienkowski T; Martin M; Press M; et al.,2011,10.1056/NEJMoa0910383,N Engl J Med,365(14):1273-83,Adjuvante,GIM4
"Adjuvant Paclitaxel and Trastuzumab for Node-Negative, HER2-Positive Breast Cancer",Tolaney SM; Barry WT; Dang CT; Yardley DA; Moy B; Marcom PK; et al.,2015,10.1056/NEJMoa1406281,N Engl J Med,372(2):134-41,Adjuvante,Erro
Effect of Adjuvant Trastuzumab for a Duration of 9 Weeks vs 1 Year With Concomitant Chemotherapy for Early Human Epidermal Growth Factor Receptor 2-Positive Breast Cancer,Joensuu H; Fraser J; Wildiers H; Huovinen R; Auvinen P; Utriainen M; et al.,2018,10.1001/jamaoncol.2018.1380,JAMA Oncol,4(9):1199-206,Adjuvante,Erro
Nine weeks versus 1 year adjuvant trastuzumab in combination with chemotherapy,Conte P; Frassoldati A; Bisagni G; Brandes AA; Donadio M; Garrone O; et al.,2018,10.1093/annonc/mdy414,Ann Oncol,29(12):2328-33,Adjuvante,Erro
6 months versus 12 months of adjuvant trastuzumab in early breast cancer (PHARE),Pivot X; Romieu G; Debled M; Pierga JY; Kerbrat P; Bachelot T; et al.,2019,10.1016/S0140-6736(19)30653-1,Lancet,393(10191):2591-8,Adjuvante,Erro
6 versus 12 months of adjuvant trastuzumab for HER2-positive early breast cancer (PERSEPHONE),Earl HM; Hiller L; Vallier AL; Loi S; McAdam K; Hughes-Davies L; et al.,2019,10.1016/S0140-6736(19)30650-6,Lancet,393(10191):2599-612,Adjuvante,Erro
Adjuvant Pertuzumab and Trastuzumab in Early HER2-Positive Breast Cancer,von Minckwitz G; Procter M; de Azambuja E; Zardavas D; Benyunes M; Viale G; et al.,2017,10.1056/NEJMoa1703643,N Engl J Med,377(2):122-31,Adjuvante,ASTRRA
Adjuvant pertuzumab or placebo + trastuzumab + chemotherapy in patients with early HER2-positive operable breast cancer in APHINITY: Final analysis at 11.3 years' median follow-up,Loibl S; Piccart M; Clark E; Viale G; Caballero C; Henry C; et al.,2025,10.1016/j.esmoop.2025.105112,ESMO Open,10,Adjuvante,Erro
Trastuzumab Emtansine for Residual Invasive HER2-Positive Breast Cancer,von Minckwitz G; Huang CS; Mano MS; Loibl S; Mamounas EP; Untch M; et al.,2019,10.1056/NEJMoa1814017,N Engl J Med,380(7):617-28,Adjuvante,SOFT e TEXT
Survival with Trastuzumab Emtansine in Residual HER2-Positive Breast Cancer,Geyer CE; Untch M; Huang CS; Mano MS; Mamounas EP; Wolmark N; et al.,2025,10.1056/nejmoa2406070,N Engl J Med,392(3):249-57,Adjuvante,N/A
Neratinib after trastuzumab-based adjuvant therapy in HER2-positive breast cancer (ExteNET),Martin M; Holmes FA; Ejlertsen B; Delaloge S; Moy B; Iwata H; et al.,2017,10.1016/S1470-2045(17)30717-9,Lancet Oncol,18(12):1688-700,Adjuvante,Erro
Trastuzumab Deruxtecan in Residual HER2-Positive Early Breast Cancer,Loibl S; Park YH; Shao Z; Huang CS; Barrios C; Abraham J; et al.,2026,10.1056/NEJMoa2514661,N Eng J Med,394(9):845-57,Adjuvante,monarchE
Zoledronic acid combined with adjuvant endocrine therapy of tamoxifen versus anastrozol plus ovarian function suppression in premenopausal early breast cancer,Gnant M; Milneritsch B; Stoeger H; Luschin-Ebengreuth G; Knauer M; Moik M; et al.,2015,10.1093/annonc/mdu544,Ann Oncol,26(2):313-20,Adjuvante,Erro
Adjuvant bisphosphonate treatment in early breast cancer: meta-analyses of individual patient data from randomised trials,Early Breast Cancer Trialists' Collaborative Group (EBCTCG),2015,10.1016/S0140-6736(15)60908-4,Lancet,386(10001):1353-61,Adjuvante,Erro
Use of Adjuvant Bisphosphonates and Other Bone-Modifying Agents in Breast Cancer,Dhesy-Thind S; Fletcher GG; Blanchette PS; Clemons MJ; Dillmon MS; Frank ES; et al.,2017,10.1200/JCO.2016.70.7257,J Clin Oncol,35(18):2062-81,Adjuvante,Erro
Adjuvant denosumab in postmenopausal patients with hormone receptor-positive breast cancer (ABCSG-18),Gnant M; Pfeiler G; Steger GG; Egle D; Greil R; Fitzal F; et al.,2019,10.1016/S1470-2045(18)30862-3,Lancet Oncol,20(3):339-51,Adjuvante,Erro
Society of Surgical Oncology-American Society for Radiation Oncology-American Society of Clinical Oncology Consensus Guideline on Margins for Breast-Conserving Surgery With Whole-Breast Irradiation in Ductal Carcinoma In Situ,Morrow M; Van Zee KJ; Solin LJ; Houssami N; Chavez-MacGregor M; Harris JR; et al.,2016,10.1016/j.prro.2016.06.008,Pract Radiat Oncol,6(5):287-95,Adjuvante,Erro
Sentinel Lymph Node Biopsy for Patients With Early-Stage Breast Cancer,Lyman GH; Somerfield MR; Bosserman LD; Perkins CL; Weaver DL; Giuliano AE,2017,10.1200/JCO.2016.71.0947,J Clin Oncol,35(5):561-4,Adjuvante,Erro
Postoperative tamoxifen for ductal carcinoma in situ,Staley H; McCallum I; Bruce J,2012,10.1002/14651858.CD007847.pub2,Cochrane Database Syst Rev,10:CD007847,Adjuvante,Erro
Anastrozole versus tamoxifen in postmenopausal women with ductal carcinoma in situ undergoing lumpectomy plus radiotherapy (NSABP B-35),Margolese RG; Cecchini RS; Julian TB; Ganz PA; Costantino JP; Vallow LA; et al.,2016,10.1016/S0140-6736(15)01168-X,Lancet,387(10021):849-56,Adjuvante,Erro
Randomized Placebo Controlled Trial of Low-Dose Tamoxifen to Prevent Local and Contralateral Recurrence in Breast Intraepithelial Neoplasia,DeCensi A; Puntoni M; Guerrieri-Gonzaga A; Caviglia S; Avino F; Cortesi L; et al.,2019,10.1200/JCO.18.01779,J Clin Oncol,37(19):1629-37,Adjuvante,Erro
"Exercise, Diet, and Weight Management During Cancer Treatment: ASCO Guideline",Ligibel JA; Bohlke K; May AM; Clinton SK; Demark-Wahnefried W; Gilchrist SC; et al.,2022,10.1200/JCO.22.00687,J Clin Oncol,40(22):2491-507,Adjuvante,Erro
Breast Cancer - NCCN Clinical Practice Guidelines in Oncology (NCCN Guideline),Macdonald S; Oncology R; General M,2026,N/A,NCCN,N/A,Adjuvante,Erro
Breast cancer follow-up and management after primary treatment,Khatcheressian JL; Hurley P; Bantug E; Esserman LJ; Grunfeld E; Halberg F; et al.,2013,10.1200/JCO.2012.45.9859,J Clin Oncol,31(7):961-5,Adjuvante,Erro
"Risk Assessment, Genetic Counseling, and Genetic Testing for BRCA-Related Cancer",Owens DK; Davidson KW; Krist AH; Barry MJ; Cabana M; Caughey AB; et al.,2019,10.1001/jama.2019.10987,JAMA,322(7):652-65,Adjuvante,Erro
Breast Cancer Screening,Marmot MG; Altman DG; Cameron D et al.,2013,10.1038/bjc.2013.177,Br J Cancer,108(11):2205-2240,Estadiamento,Erro
The impact of mammographic screening on breast cancer mortality in Europe,Broeders M; Moss S; Nyström L; et al.,2012,10.1258/jms.2012.012078,J Med Screen,19 Suppl 1:14-25,Estadiamento,Erro
Mammography screening reduces rates of advanced and fatal breast cancers,Duffy SW; Tabár L; Yen AM; et al.,2020,10.1002/cncr.32859,Cancer,126(13):2971-2979,Estadiamento,Erro
Evidence to Support Screening Women in Their 40s,Ray KM; Price ER; Joe BN,2017,10.1016/j.rcl.2016.12.003,Radiol Clin North Am,55:429-439,Estadiamento,Erro
Effect of mammographic screening from age 40 years on breast cancer mortality (UK Age trial),Duffy SW; Vulkan D; Cuckle H; et al.,2020,10.1016/S1470-2045(20)30398-3,Lancet Oncol,21:1165-1172,Estadiamento,Erro
Eur J Cancer,Puliti D; Bucchi L; Mancini S; et al.,2017,10.1016/j.ejca.2017.07.020,Eur J Cancer,85:160,Estadiamento,Erro
Quality of Life Research,Moshina N; et al.,2022,10.1002/ijc.32539,Quality of Life Research,31:1057-1068,Estadiamento,aTTom
Breast cancer statistics 2022,Giaquinto AN; Sung H; Miller KD; et al.,2022,10.3322/caac.21754,CA Cancer J Clin,72(6):524-541,Estadiamento,Erro
Global burden and trends in premenopausal and postmenopausal breast cancer,Heer E; Harper A; Escandor N; Sung H; McCormack V; Fidler-Benaoudia MM,2020,10.1016/S2214-109X(20)30215-1,Lancet Glob Health,8:e1027-e1037,Estadiamento,Erro
"Global breast cancer incidence and mortality trends by region, age-groups, and fertility patterns",Lima SM; Kehm RD; Terry MB,2021,10.1016/j.eclinm.2021.100985,EClinicalMedicine,38:100985,Estadiamento,Erro
"Breast Cancer Incidence Among US Women Aged 20 to 49 Years by Race, Stage, and Hormone Receptor Status",Xu S; Murtagh S; Han Y; Wan F; Toriola AT,2024,10.1001/jamanetworkopen.2023.53331,JAMA Network Open,7(1):e2353331,Estadiamento,Erro
Breast cancer trends in women younger than 40 years in Brazil,Bonadio RC; Moreira OA; Testa L,2022,10.1016/j.canep.2022.102139,Cancer Epidemiol,78:102139,Estadiamento,Erro
Characteristics and prognosis of stage I-III breast cancer subtypes in Brazil,Simon SD; Bines J; Werutsky G; et al.,2019,10.1016/j.breast.2019.02.001,Breast,44:113-119,Estadiamento,Erro
Análise Epidemiológica e Vigilância de Doenças Não Transmissíveis,N/A,N/A,N/A,Ministério da Saúde,N/A,Estadiamento,Erro
Breast cancer screening,Autier P,2011,10.1038/bjc.2013.177,Eur J Cancer,47 Suppl 3:S133-S146,Estadiamento,Erro
Comparison of acquisition parameters and breast dose in digital mammography and screen-film mammography in the American,Hendrick RE; Pisano ED; Averbukh A; et al.,N/A,N/A,American,N/A,Estadiamento,Erro
Comparison of recommendations for screening mammography using CISNET models,Arleo EK; Hendrick RE; Helvie MA; Sickles EA,2017,10.1002/cncr.30842,Cancer,123:3673-3680,Estadiamento,Erro
Outcomes of Breast Cancer Screening Strategies Based on Cancer Intervention and Surveillance Modeling Network Estimates,Monticciolo DL; Hendrick RE; Helvie MA,2024,10.1148/radiol.232658,Radiology,310(2):e23265,Estadiamento,Erro
Mammography coverage in Brazil and the presidential elections,Freitas-Junior R; Rocha AFBM; Soares LR,2023,10.1200/GO.22.00358,JCO Glob Oncol,9:e2200358,Estadiamento,Erro
"Breast cancer treatment delay in safety net health systems, Houston versus Southeast Brazil",Shafaeem MN; Silva LR; Ramalho S; et al.,2022,10.1093/oncolo/oyac012,Oncologist,27(5):344-351,Estadiamento,Erro
The impact of sociodemographic factors and health insurance coverage in the diagnosis and clinicopathological characteristics of breast cancer in Brazil,Rosa DD; Bines J; Werutsky G; et al.,2020,10.1007/s10549-020-05831-y,Breast Cancer Res Treat,183:749-757,Estadiamento,Erro
Controle do cancer de mama no Brasil. Dados e números: 2024,Instituto Nacional de Cancer (INCA),2024,N/A,INCA,N/A,Estadiamento,Erro
Screening for Breast Cancer - US Preventive Services Task Force Recommendation Statement,Nicholson WK; Silverstein M; Wong JB; et al.,2024,10.1001/jama.2024.5534,JAMA,331:1918,Estadiamento,Erro
NCCN Clinical Practice Guidelines in Oncology (NCCN Guidelines®) - Breast Cancer Version 1.2026,NCCN,2026,N/A,NCCN,N/A,Estadiamento,Erro
"Early breast cancer: ESMO Clinical Practice Guideline for diagnosis, treatment and follow-up",Loibl S; André F; Bachelot T; Barrios CH; Bergh J; Burstein HJ; et al.,2024,10.1016/j.annonc.2023.11.001,Ann Oncol,35(2):159-182,Estadiamento,Erro
Breast Cancer Screening and Diagnosis Core Resources Version 3.2018,Bevers TB; Anderson BO; Helvie M; Bonaccio E; et al.,2020,N/A,NCCN,N/A,Estadiamento,Erro
Vacuum-assisted breast biopsy vs core needle biopsy,Gao Y; Liao M; Hou J; Liao S; Li J,2022,10.1007/s00330-026-12690-6,Front Oncol,12:1021431,Estadiamento,Erro
Early and locally advanced breast cancer: diagnosis and management - NICE Guidelines,National Institute for Health and Care Excellence (NICE),2020,N/A,NICE,N/A,Estadiamento,Erro
Estrogen and Progesterone Receptor Testing in Breast Cancer: ASCO/CAP Guideline Update,Allison KH; Hammond MEH; Dowsett M; McKernin SE; Carey LA; Fitzgibbons PL; et al.,2020,10.1200/JCO.19.02309,J Clin Oncol,38(12):1346-66,Estadiamento,Erro
Human Epidermal Growth Factor Receptor 2 Testing in Breast Cancer: American Society of Clinical Oncology/College of American Pathologists Clinical Practice Guideline Focused Update,Wolff AC; Hammond MEH; Allison KH; Harvey BE; Mangu PB; Bartlett JMS; et al.,2018,10.1200/JCO.2018.77.8738,J Clin Oncol,36(20):2105-22,Estadiamento,Erro
AJCC Cancer Staging Manual,Amin MB; Edge S; Greene F; Byrd DR; Brookland RK; Washington MK; et al.,2017,N/A,Springer,8th ed.,Estadiamento,Erro
The accuracy of ultrasound-guided fine-needle aspiration and core needle biopsy in diagnosing axillary lymph nodes in women with breast cancer,Zheng H; Zhao R; Wang W; Liu X; Wang X; Wen C; Ren Y,2023,10.3389/fonc.2023.1166035,Front Oncol,13:1166035,Estadiamento,Erro
Breast MRI: state of the art,Mann RM; Hooley R; Barr RG; Moy L,2019,10.1148/radiol.2019182947,Radiology,292(3):520-536,Estadiamento,Erro
"Baseline staging imaging for distant metastasis in women with stages I, II, and III breast cancer",Arnaout A; Varela NP; Allarakhia M; Grimard L; Hey A; Lau J; et al.,2020,10.3747/co.27.6147,Curr Oncol,27(2):e123-45,Estadiamento,Erro
Impact of 18F-Labeled Fluorodeoxyglucose Positron Emission Tomography-Computed Tomography Versus Conventional Staging in Patients With Locally Advanced Breast Cancer,Dayes IS; Metser U; Hodgson N; Parpia S; Eisen AF; George R; et al.,2023,10.1200/jco.23.00249,J Clin Oncol,41(23):3909-16,Estadiamento,N/A
The EANM-SNMMI guideline on the role of [18F]FDG-PET/CT in breast cancer,Hindie E,2024,10.1007/s00259-024-06758-y,Eur J Nucl Med Mol Imaging,51(9):2695-700,Estadiamento,Erro
Joint EANM-SNMMI guideline on the role of 2-[18F]FDG PET/CT in no special type breast cancer,Vaz SC; Woll JPP; Cardoso F; Groheux D; Cook GJR; Ulaner GA; et al.,2024,10.1007/s00259-024-06696-9,Eur J Nucl Med Mol Imaging,51(9):2706-32,Estadiamento,Erro
ESO-ESMO fifth international consensus guidelines for breast cancer in young women (BCY5),Paluch-Shimon S; Cardoso F; Partridge AH; Abulkhair O; Azim HA Jr; Bianchi-Micheli G; et al.,2022,10.1016/j.annonc.2022.07.007,Ann Oncol,33(11):1097-1118,Estadiamento,Erro
Gonadotropin-releasing hormone agonists during chemotherapy for preservation of ovarian function and fertility in premenopausal patients with early breast cancer,Lambertini M; Moore HC; Leonard RCF; Loibl S; Munster P; Bruzzone M; et al.,2018,10.1200/JCO.2018.78.0858,J Clin Oncol,36(19):1981-90,Estadiamento,Erro
Goserelin for ovarian protection during breast-cancer adjuvant chemotherapy,Moore HC; Unger JM; Phillips KA; Boyle F; Hitre E; Porter D; et al.,2015,10.1056/NEJMoa1413204,N Engl J Med,372(10):923-32,Estadiamento,Erro
Interrupting endocrine therapy to attempt pregnancy after breast cancer,Partridge AH; Niman SM; Ruggeri M; Peccatori FA; Colleoni M; Gelber S; et al.,2023,10.1056/NEJMoa2212856,N Engl J Med,388(18):1645-1656,Estadiamento,Erro
NCCN Clinical Practice Guidelines In Oncology - Breast Cancer Version 2.2026,NCCN,2026,N/A,NCCN,N/A,Metastática,Erro
Final Results of RIGHT Choice: Ribociclib Plus Endocrine Therapy Versus Combination Chemotherapy in Premenopausal Women With Clinically Aggressive Hormone Receptor-Positive/Human Epidermal Growth Factor Receptor 2-Negative Advanced Breast Cancer,Lu YS; Mahidin EIBM; Azim H; Eralp Y; Yap YS; Im SA; et al.,2024,10.1016/j.annonc.2024.10.015,J Clin Oncol,42(23):2812-21,Metastática,Erro
Palbociclib and Letrozole in Advanced Breast Cancer,Finn RS; Martin M; Rugo HS; Jones S; Im SA; Gelmon K; et al.,2016,10.1056/NEJMoa1607303,N Engl J Med,375(20):1925-36,Metastática,CTS5 (Estudo CTS5)
"Updated results from MONALEESA-2, a phase III trial of first-line ribociclib plus letrozole versus placebo plus letrozole in hormone receptor-positive, HER2-negative advanced breast cancer",Hortobagyi GN; Stemmer SM; Burris HA; Yap YS; Sonke GS; Paluch-Shimon S; et al.,2018,10.1093/annonc/mdy155,Ann Oncol,29(7):1541-7,Metastática,NSABP B-14
Overall Survival with Ribociclib plus Letrozole in Advanced Breast Cancer,Hortobagyi GN; Stemmer SM; Burris HA; Yap YS; Sonke GS; Hart L; et al.,2022,10.1056/NEJMoa2114663,N Engl J Med,386(10):942-50,Metastática,EBCTCG (Atlas 2005)
MONARCH 3: Abemaciclib As Initial Therapy for Advanced Breast Cancer,Goetz MP; Toi M; Campone M; Sohn J; Paluch-Shimon S; Huober J; et al.,2017,10.1200/JCO.2017.75.6155,J Clin Oncol,35(32):3638-46,Metastática,ABCSG-16 (SALSA)
MONARCH 3 final PFS: a randomized study of abemaciclib as initial therapy for advanced breast cancer,Johnston S; Martin M; Leo AD; Im SA; Awada A; Forrester T; et al.,2019,10.1038/s41523-018-0097-z,npj Breast Cancer,5(1):1-8,Metastática,MA.17
"Abemaciclib plus a nonsteroidal aromatase inhibitor as initial therapy for HR+, HER2- advanced breast cancer",Goetz MP; Toi M; Huober J; Sohn J; Trédan O; Park IH; et al.,2024,10.1016/j.annonc.2024.04.008,Ann Oncol,35(8):718-27,Metastática,Erro
Overall Survival with Fulvestrant plus Anastrozole in Metastatic Breast Cancer,Mehta RS; Barlow WE; Albain KS; Vandenberg TA; Dakhil SR; Tirumali NR; et al.,2019,10.1056/NEJMoa1811714,N Engl J Med,380(13):1226-34,Metastática,Erro
"Ribociclib plus endocrine therapy for premenopausal women with hormone-receptor-positive, advanced breast cancer (MONALEESA-7)",Tripathy D; Im SA; Colleoni M; Franke F; Bardia A; Harbeck N; et al.,2018,10.1016/S1470-2045(18)30292-4,Lancet Oncol,19(7):904-15,Metastática,Erro
Updated Overall Survival of Ribociclib plus Endocrine Therapy versus Endocrine Therapy Alone in Pre- and Perimenopausal Patients with HR+/HER2- Advanced Breast Cancer in MONALEESA-7,Lu YS; Im SA; Colleoni M; Franke F; Bardia A; Cardoso F; et al.,2022,10.1158/1078-0432.CCR-21-3032,Clin Cancer Res,28(5):851-9,Metastática,Erro
Updated overall survival (OS) results from the phase III MONALEESA-7 trial,Tripathy D; Im SA; Colleoni M; Franke F; Bardia A; Harbeck N; et al.,2021,10.1158/1538-7445.SABCS20-PD2-04,Cancer Res,81(4 Supplement):PD2-04,Metastática,Erro
Emerging Innovative Therapeutic Approaches Leveraging Cyclin-Dependent Kinase Inhibitors to Treat Advanced Breast Cancer,Cruz M; Reinert T; Cristofanilli M,2018,10.1002/cpt.1008,Clin Pharmacol Ther,103(6):1009-19,Metastática,Erro
"Fulvestrant-Palbociclib vs Letrozole-Palbociclib as Initial Therapy for Endocrine-Sensitive, Hormone Receptor-Positive, ERBB2-Negative Advanced Breast Cancer",Llombart-Cussac A; Perez-Garcia JM; Bellet M; Dalenc F; Gil-Gil M; Ruiz-Borrego M; et al.,2021,10.1001/jamaoncol.2021.4301,JAMA Oncology,7(12):1791-9,Metastática,Erro
Early versus deferred use of CDK4/6 inhibitors in advanced breast cancer,Sonke GS; van Ommen-Nijhof A; Wortelboer N; van der Noort V; Swinkels ACP; Blommestein HM; et al.,2024,10.1038/s41586-024-08035-2,Nature,636(8042):474-80,Metastática,HERA
Inavolisib-based therapy in PIK3CA-mutated advanced breast cancer,Turner NC; Im SA; Saura C; et al.,2024,10.1056/NEJMoa2404625,N Engl J Med,391(17):1584-1596,Metastática,APT
Overall survival with inavolisib in PIK3CA-mutated advanced breast cancer,Jhaveri KL; Im SA; Saura C; et al.,2025,10.1056/nejmoa2501796,N Engl J Med,393(2):151-161,Metastática,SOLD
"The Effect of Abemaciclib Plus Fulvestrant on Overall Survival in Hormone Receptor-Positive, ERBB2-Negative Breast Cancer That Progressed on Endocrine Therapy-MONARCH 2",Sledge GW; Toi M; Neven P; Sohn J; Inoue K; Pivot X; et al.,2019,10.1001/jamaoncol.2019.4782,JAMA Oncol,29 de setembro de 2019,Metastática,Erro
"Phase III Randomized Study of Ribociclib and Fulvestrant in Hormone Receptor-Positive, Human Epidermal Growth Factor Receptor 2-Negative Advanced Breast Cancer: MONALEESA-3",Slamon DJ; Neven P; Chia S; Fasching PA; De Laurentiis M; Im SA; et al.,2018,10.1200/JCO.2018.78.9909,J Clin Oncol,36(24):2465-72,Metastática,PHARE
"Ribociclib plus fulvestrant for postmenopausal women with hormone receptor-positive, human epidermal growth factor receptor 2-negative advanced breast cancer in the phase III randomized MONALEESA-3 trial",Slamon DJ; Neven P; Chia S; Jerusalem G; De Laurentiis M; Im S; et al.,2021,10.1016/j.annonc.2021.05.353,Ann Oncol,32(8):1015-24,Metastática,Erro
Overall Survival with Palbociclib and Fulvestrant in Advanced Breast Cancer,Turner NC; Slamon DJ; Ro J; Bondarenko I; Im SA; Masuda N; et al.,2018,10.1056/NEJMoa1810527,N Engl J Med,379(20):1926-36,Metastática,APHINITY
"MONARCH 1, A Phase II Study of Abemaciclib, a CDK4 and CDK6 Inhibitor, as a Single Agent, in Patients with Refractory HR+/HER2- Metastatic Breast Cancer",Dickler MN; Tolaney SM; Rugo HS; Cortés J; Diéras V; Patt D; et al.,2017,10.1158/1078-0432.CCR-17-0754,Clin Cancer Res,23(17):5218-24,Metastática,APHINITY
nextMONARCH: Abemaciclib Monotherapy or Combined With Tamoxifen for Metastatic Breast Cancer,Hamilton E; Cortes J; Ozyilkan O; Chen SC; Petrakova K; Manikhas A; et al.,2021,10.1016/j.clbc.2021.01.008,Clin Breast Cancer,21(3):181-190.e2,Metastática,KATHERINE
Everolimus plus exemestane in postmenopausal patients with HR(+) breast cancer: BOLERO-2 final progression-free survival analysis,Yardley DA; Noguchi S; Pritchard KI; Burris HA; Baselga J; Gnant M; et al.,2013,10.1007/s12325-013-0060-1,Adv Ther,30(10):870-84,Metastática,KATHERINE
"Alpelisib plus fulvestrant for PIK3CA-mutated, hormone receptor-positive, human epidermal growth factor receptor-2-negative advanced breast cancer",André F; Ciruelos EM; Juric D; Loibl S; Campone M; Mayer IA; et al.,2021,10.1016/j.annonc.2020.11.011,Ann Oncol,32(2):208-17,Metastática,Erro
Capivasertib in Hormone Receptor-Positive Advanced Breast Cancer,Turner NC; Oliveira M; Howell SJ; Dalenc F; Cortes J; Gomez Moreno HL; et al.,2023,10.1056/NEJMoa2214131,N Engl J Med,388(22):2058-70,Metastática,DESTINY-Breast05
"Abemaciclib plus fulvestrant vs fulvestrant alone for HR+, HER2-advanced breast cancer following progression on a prior CDK4/6 inhibitor plus endocrine therapy",Kalinsky K; Bianchini G; Hamilton EP; Graff SL; Park KH; Jeselsohn R; et al.,2024,10.1200/JCO.2024.42.17_suppl.LBA1001,J Clin Oncol,42(17-suppl):LBA1001-LBA1001,Metastática,Erro
"Randomized Phase II Trial of Endocrine Therapy With or Without Ribociclib After Progression on Cyclin-Dependent Kinase 4/6 Inhibition in Hormone Receptor-Positive, Human Epidermal Growth Factor Receptor 2-Negative Metastatic Breast Cancer",Kalinsky K; Accordino MK; Chiuzan C; Mundi PS; Sakach E; Sathe C; et al.,2023,10.1200/jco.22.02392,J Clin Oncol,41(24):4004-13,Metastática,Erro
Olaparib for Metastatic Breast Cancer in Patients with a Germline BRCA Mutation,Robson M; Im SA; Senkus E; Xu B; Domchek SM; Masuda N; et al.,2017,10.1056/NEJMoa1706450,N Engl J Med,377(6):523-33,Metastática,N/A
OlympiAD final overall survival and tolerability results,Robson ME; Tung N; Conte P; Im SA; Senkus E; Xu B; et al.,2019,10.1093/annonc/mdz012,Ann Oncol,30(4):558-66,Metastática,Erro
Talazoparib in Patients with Advanced Breast Cancer and a Germline BRCA Mutation,Litton JK; Rugo HS; Ettl J; Hurvitz SA; Goncalves A; Lee KH; et al.,2018,10.1056/NEJMoa1802905,N Engl J Med,379(8):753-63,Metastática,N/A
TBCRC 048: Phase II Study of Olaparib for Metastatic Breast Cancer and Mutations in Homologous Recombination-Related Genes,Tung NM; Robson ME; Ventz S; Santa-Maria CA; Nanda R; Marcom PK; et al.,2020,10.1200/JCO.20.02151,J Clin Oncol,38(36):4274-82,Metastática,N/A
"Elacestrant (oral selective estrogen receptor degrader) Versus Standard Endocrine Therapy for Estrogen Receptor-Positive, Human Epidermal Growth Factor Receptor 2-Negative Advanced Breast Cancer",Bidard FC; Kaklamani VG; Neven P; Streich G; Montero AJ; Forget F; et al.,2022,10.1200/JCO.22.00338,J Clin Oncol,40(28):3246-56,Metastática,Erro
Imlunestrant with or without abemaciclib in advanced breast cancer,Jhaveri KL; Neven P; Casalnuovo ML; et al.,2025,10.1056/nejmoa2410858,N Engl J Med,392(12):1189-1202,Metastática,NSABP B-35
Imlunestrant with or without abemaciclib in advanced breast cancer: updated efficacy results from the phase III EMBER-3 trial,Jhaveri KL; Neven P; Casalnuovo ML; et al.,2026,10.1016/j.annonc.2025.12.004,Ann Oncol,37(4):532-543,Metastática,"Ensaio de ""Baixa Dose"" de Tamoxifeno (DeCensi et al.)"
Trastuzumab Deruxtecan in Previously Treated HER2-Low Advanced Breast Cancer,Modi S; Jacot W; Yamashita T; Sohn J; Vidal M; Tokunaga E; et al.,2022,10.1056/NEJMoa2203690,N Engl J Med,387(1):9-20,Metastática,N/A
"Trastuzumab deruxtecan (T-DXd) vs physician's choice of chemotherapy (TPC) in patients with hormone receptor-positive (HR+), human epidermal growth factor receptor 2 (HER2)-low or HER2-ultralow metastatic breast cancer (mBC) with prior endocrine therapy",Curigliano G; Hu X; Dent RA; Yonemori K; Barrios CH; O'Shaughnessy J; et al.,2024,10.1200/JCO.2024.42.17_suppl.LBA1000,J Clin Oncol,42(17_suppl):LBA1000-LBA1000,Metastática,Erro
Overall survival with sacituzumab govitecan in hormone receptor-positive and human epidermal growth factor receptor 2-negative metastatic breast cancer (TROPiCS-02),Rugo HS; Bardia A; Marmé F; Cortés J; Schmid P; Loirat D; et al.,2023,10.1016/S0140-6736(23)01245-X,Lancet,402(10411):1423-33,Metastática,Erro
Datopotamab Deruxtecan Versus Chemotherapy in Previously Treated Inoperable/Metastatic Hormone Receptor-Positive Human Epidermal Growth Factor Receptor 2-Negative Breast Cancer,Bardia A; Jhaveri K; Im SA; Pernas S; De Laurentiis M; Wang S; et al.,2025,10.1200/jco.24.00920,J Clin Oncol,43(3):285-96,Metastática,Erro
Pertuzumab plus Trastuzumab plus Docetaxel for Metastatic Breast Cancer,Baselga J; Cortés J; Kim SB; Im SA; Hegg R; Im YH; et al.,2012,10.1056/NEJMoa1113216,N Engl J Med,366(2):109-19,Metastática,Revisão Marmot (The Marmot Review)
"Pertuzumab, trastuzumab, and docetaxel for HER2-positive metastatic breast cancer (CLEOPATRA)",Swain SM; Miles D; Kim SB; Im YH; Im SA; Semiglazov V; et al.,2020,10.1016/s1470-2045(19)30863-0,Lancet Oncol,21(4):519-30,Metastática,Erro
Effect of docetaxel duration on clinical outcomes: exploratory analysis of CLEOPATRA,Miles D; Im YH; Fung A; Yoo B; Knott A; Heeson S; et al.,2017,10.1093/annonc/mdx406,Ann Oncol,28(11):2761-7,Metastática,Erro
Preliminary safety and efficacy of first-line pertuzumab combined with trastuzumab and taxane therapy for HER2-positive locally recurrent or metastatic breast cancer (PERUSE),Bachelot T; Ciruelos E; Schneeweiss A; Puglisi F; Peretz-Yablonski T; Bondarenko I; et al.,2019,10.1093/annonc/mdz061,Ann Oncol,30(5):766-73,Metastática,N/A
Phase II Study of Paclitaxel Given Once per Week Along With Trastuzumab and Pertuzumab in Patients With Human Epidermal Growth Factor Receptor 2-Positive Metastatic Breast Cancer,Dang C; Iyengar N; Datko F; D'Andrea G; Theodoulou M; Dickler M; et al.,2015,10.1200/JCO.2014.57.1745,J Clin Oncol,33(5):442-7,Metastática,Erro
Safety and efficacy of vinorelbine in combination with pertuzumab and trastuzumab for first-line treatment of patients with HER2-positive locally advanced or metastatic breast cancer,Perez EA; Lopez-Vega JM; Petit T; Zamagni C; Easton V; Kamber J; et al.,2016,10.1186/s13058-016-0773-6,Breast Cancer Res,18(1):126,Metastática,Erro
Trastuzumab Deruxtecan plus Pertuzumab for HER2-Positive Metastatic Breast Cancer,Tolaney SM; Jiang Z; Zhang Q; Barroso-Sousa R; Park YH; Rimawi MF; et al.,2026,10.1056/nejmoa2508668,N Engl J Med,394(6):551-62,Metastática,N/A
"Palbociclib for Hormone-Receptor-Positive, HER2-Positive Advanced Breast Cancer",Metzger O; Mandrekar S; Goel S; Gligorov J; Lim E; Ciruelos E; et al.,2026,10.1056/nejmoa2511218,N Engl J Med,394(5):451-62,Metastática,Erro
HER2CLIMB-05: A Phase III Study of Tucatinib Versus Placebo in Combination With Trastuzumab and Pertuzumab as First-Line Maintenance Therapy for HER2+ Metastatic Breast Cancer,Dieras V; Curigliano G; Martin M; Lerebours F; Tsurutani J; Savard MF; et al.,2025,10.1200/JCO-25-02600,J Clin Oncol,N/A,Metastática,Erro
Trastuzumab Deruxtecan versus Trastuzumab Emtansine for Breast Cancer,Cortés J; Kim SB; Chung WP; Im SA; Park YH; Hegg R; et al.,2022,10.1056/NEJMoa2115022,N Engl J Med,386(12):1143-54,Metastática,Estudo Norueguês de Qualidade de Vida (QoL)
Trastuzumab deruxtecan versus trastuzumab emtansine in HER2-positive metastatic breast cancer: long-term survival analysis of the DESTINY-Breast03 trial,Cortés J; Hurvitz SA; Im SA; Iwata H; Curigliano G; Kim SB; et al.,2024,10.1038/s41591-024-03021-7,Nat Med,30(8):2208-15,Metastática,GLOBOCAN 2022
Tucatinib versus placebo added to trastuzumab and capecitabine for patients with pretreated HER2+ metastatic breast cancer with and without brain metastases (HER2CLIMB),Curigliano G; Mueller V; Borges V; Hamilton E; Hurvitz S; Loi S; et al.,2022,10.1016/j.annonc.2021.12.005,Ann Oncol,33(3):321-9,Metastática,Erro
Trastuzumab emtansine versus treatment of physician's choice for pretreated HER2-positive advanced breast cancer (TH3RESA),Krop IE; Kim SB; González-Martín A; LoRusso PM; Ferrero JM; Smitt M; et al.,2014,10.1016/S1470-2045(14)70178-0,Lancet Oncol,15(7):689-99,Metastática,Erro
Lapatinib plus capecitabine versus capecitabine alone for HER2+ (ErbB2+) metastatic breast cancer,Zhou X; Cella D; Cameron D; Amonkar MM; Segreti A; Stein S; et al.,2009,10.1007/s10549-009-0310-8,Breast Cancer Res Treat,117(3):577-89,Metastática,Erro
Lapatinib plus capecitabine for HER2-positive advanced breast cancer,Geyer CE; Forster J; Lindquist D; Chan S; Romieu CG; Pienkowski T; et al.,2006,10.1056/NEJMoa064320,N Engl J Med,355(26):2733-43,Metastática,Erro
Trastuzumab beyond progression in human epidermal growth factor receptor 2-positive advanced breast cancer,von Minckwitz G; du Bois A; Schmidt M; Maass N; Cufer T; de Jongh FE; et al.,2009,10.1200/JCO.2008.19.6618,J Clin Oncol,27(12):1999-2006,Metastática,Erro
Overall survival benefit with lapatinib in combination with trastuzumab for patients with human epidermal growth factor receptor 2-positive metastatic breast cancer,Blackwell KL; Burstein HJ; Storniolo AM; Rugo HS; Sledge G; Aktan G; et al.,2012,10.1200/jco.2011.35.6725,J Clin Oncol,30(21):2585-92,Metastática,Erro
Final overall survival (OS) analysis of PHEREXA,Urruticoechea A; Rizwanullah M; Im SA; Sánchez Ruiz AC; Lang I; Tomasello G; et al.,2018,10.1200/JCO.2018.36.15_suppl.1013,J Clin Oncol,36(15_suppl):1013-1013,Metastática,Erro
"First-Line Trastuzumab Plus an Aromatase Inhibitor, With or Without Pertuzumab, in Human Epidermal Growth Factor Receptor 2-Positive and Hormone Receptor-Positive Metastatic or Locally Advanced Breast Cancer (PERTAIN)",Rimawi M; Ferrero JM; de la Haba-Rodriguez J; Poole C; De Placido S; Osborne CK; et al.,2018,10.1200/JCO.2017.76.7863,J Clin Oncol,36(28):2826-35,Metastática,Erro
"Phase III, Randomized Study of Dual Human Epidermal Growth Factor Receptor 2 (HER2) Blockade With Lapatinib Plus Trastuzumab in Combination With an Aromatase Inhibitor in Postmenopausal Women With HER2-Positive, Hormone Receptor-Positive Metastatic Breast Cancer",Johnston SRD; Hegg R; Im SA; Park IH; Burdaeva O; Kurteva G; et al.,2018,10.1200/jco.2017.74.7824,J Clin Oncol,36(8):741-8,Metastática,Erro
Trastuzumab Plus Endocrine Therapy or Chemotherapy as First-line Treatment for Patients with Hormone Receptor-Positive and HER2-Positive Metastatic Breast Cancer (SYSUCC-002),Hua X; Bi XW; Zhao JL; Shi YX; Lin Y; Wu ZY; et al.,2022,10.1158/1078-0432.ccr-21-3435,Clin Cancer Res,28(4):637-45,Metastática,Erro
5th ESO-ESMO international consensus guidelines for advanced breast cancer (ABC 5),Cardoso F; Paluch-Shimon S; Senkus E; Curigliano G; Aapro MS; André F; et al.,2020,10.1016/j.annonc.2020.09.010,Ann Oncol,31(12):1623-49,Metastática,Erro
Reduced cardiotoxicity and comparable efficacy in a phase III trial of pegylated liposomal doxorubicin HCl (CAELYX/Doxil) versus conventional doxorubicin for first-line treatment of metastatic breast cancer,O'Brien MER; Wigler N; Inbar M; Rosso R; Grischke E; Santoro A; et al.,2004,10.1093/annonc/mdh097,Ann Oncol,15(3):440-9,Metastática,Erro
Long-Term Follow-Up of the E1199 Phase III Trial Evaluating the Role of Taxane and Schedule in Operable Breast Cancer,Sparano JA; Zhao F; Martino S; Ligibel JA; Perez EA; Saphner T; et al.,2015,10.1200/JCO.2015.60.9271,J Clin Oncol,33(21):2353-60,Metastática,Erro
Paclitaxel plus bevacizumab versus paclitaxel alone for metastatic breast cancer,Miller K; Wang M; Gralow J; Dickler M; Cobleigh M; Perez EA; et al.,2007,10.1056/NEJMoa072113,N Engl J Med,357(26):2666-76,Metastática,Erro
"Randomized, open-label, phase II trial of oral capecitabine (Xeloda) vs. a reference arm of intravenous CMF (cyclophosphamide, methotrexate and 5-fluorouracil) as first-line therapy for advanced/metastatic breast cancer",Oshaughnessy JA; Blum J; Moiseyenko V; Jones SE; Miles D; Bell D; et al.,2001,10.1023/a:1012281104865,Ann Oncol,12(9):1247-54,Metastática,Erro
"Capecitabine versus classical cyclophosphamide, methotrexate, and fluorouracil as first-line chemotherapy for advanced breast cancer",Stockler MR; Harvey VJ; Francis PA; Byrne MJ; Ackland SP; Fitzharris B; et al.,2011,10.1200/jco.2010.33.9101,J Clin Oncol,29(34):4498-504,Metastática,Erro
Phase III open-label randomized study of eribulin mesylate versus capecitabine in patients with locally advanced or metastatic breast cancer previously treated with an anthracycline and a taxane,Kaufman PA; Awada A; Twelves C; Yelle L; Perez EA; Velikova G; et al.,2015,10.1200/JCO.2013.52.4892,J Clin Oncol,33(6):594-601,Metastática,Erro
The EMBRACE II study,Potter R; Tanderup K; Kirisits C; de Leeuw A; Kirchheiner K; Nout R; et al.,2018,10.1016/j.ctro.2017.11.004,Clin Transl Radiat Oncol,9:48-60,Metastática,Erro
Estrogen and Progesterone Receptor Testing in Breast Cancer: ASCO/CAP Guideline Update,Allison KH; Hammond MEH; Dowsett M; McKernin SE; Carey LA; Fitzgibbons PL; et al.,2020,10.1200/JCO.19.02309,J Clin Oncol,38(12):1346-66,Metastática,Erro
Pembrolizumab plus Chemotherapy in Advanced Triple-Negative Breast Cancer,Cortes J; Rugo HS; Cescon DW; Im SA; Yusof MM; Gallardo C; et al.,2022,10.1056/nejmoa2202809,N Engl J Med,387(3):217-26,Metastática,AMAZONA III (Registro GBECAM 0115)
Atezolizumab and Nab-Paclitaxel in Advanced Triple-Negative Breast Cancer,Schmid P; Adams S; Rugo HS; Schneeweiss A; Barrios CH; Iwata H; et al.,2018,10.1056/NEJMoa1809615,N Engl J Med,379(22):2108-21,Metastática,N/A
Carboplatin in BRCA1/2-mutated and triple-negative breast cancer BRCAness subgroups,Tutt A; Tovey H; Cheang MCU; Kernaghan S; Kilburn L; Gazinska P; et al.,2018,10.1038/s41591-018-0009-7,Nat Med,24(5):628-37,Metastática,Erro
Sacituzumab Govitecan in Metastatic Triple-Negative Breast Cancer,Bardia A; Hurvitz SA; Tolaney SM; Loirat D; Punie K; Oliveira M; et al.,2021,10.1056/NEJMoa2028485,N Engl J Med,384(16):1529-41,Metastática,N/A
Final Results From the Randomized Phase III ASCENT Clinical Trial in Metastatic Triple-Negative Breast Cancer,Bardia A; Rugo HS; Tolaney SM; Loirat D; Punie K; Oliveira M; et al.,2024,10.1200/JCO.23.01409,J Clin Oncol,42(15):1738-44,Metastática,Erro
"Sacituzumab Govitecan in Untreated, Advanced Triple-Negative Breast Cancer",Cortés J; Punie K; Barrios C; Hurvitz SA; Schneeweiss A; Sohn J; et al.,2025,10.1056/NEJMoa2511734,N Engl J Med,393(19):1912-25,Metastática,N/A
First-line (1L) datopotamab deruxtecan (Dato-DXd) vs chemotherapy in patients with locally recurrent inoperable or metastatic triple-negative breast cancer (mTNBC) for whom immunotherapy was not an option,Dent RA; Shao Z; Schmid P; Cortés JC; Cescon DW; Saji S; et al.,2025,10.1016/j.annonc.2025.09.031,Ann Oncol,36:S1566-7,Metastática,Erro
Efficacy of Larotrectinib in TRK Fusion-Positive Cancers in Adults and Children,Drilon A; Laetsch TW; Kummar S; DuBois SG; Lassen UN; Demetri GD; et al.,2018,10.1056/NEJMoa1714448,N Engl J Med,378(8):731-9,Metastática,Erro
Efficacy of Pembrolizumab in Patients With Noncolorectal High Microsatellite Instability/Mismatch Repair-Deficient Cancer,Marabelle A; Le DT; Ascierto PA; Di Giacomo AM; De Jesus-Acosta A; Delord JP; et al.,2020,10.1200/JCO.19.02105,J Clin Oncol,38(1):1-10,Metastática,Erro
Long-term outcomes for neoadjuvant versus adjuvant chemotherapy in early breast cancer,Asselain B; Barlow W; Bartlett J; Bergh J; Bergsten-Nordstrom E; Bliss J; et al.,2018,10.1016/S1470-2045(17)30777-5,Lancet Oncol,19(1):27-39,Neoadjuvante,Erro
Evaluation of pathological complete response as surrogate endpoint in neoadjuvant randomised clinical trials of early stage breast cancer,Conforti F; Pala L; Sala I; Orieucia C; De Pas T; Specchia C; et al.,2021,10.1136/bmj-2021-066381,BMJ,e066381,Neoadjuvante,Erro
Adjuvant Capecitabine for Breast Cancer after Preoperative Chemotherapy,Masuda N; Lee SJ; Ohtani S; Im YH; Lee ES; Yokota I; et al.,2017,10.1056/NEJMoa1612645,N Engl J Med,376(22):2147-59,Neoadjuvante,E1199
Adjuvant trastuzumab emtansine in HER2-positive breast cancer patients with HER2-negative residual invasive disease in KATHERINE,Loibl S; Huang CS; Mano MS; Mamounas EP; Geyer CE; Untch M; et al.,2022,10.1038/s41523-022-00477-z,npj Breast Cancer,8(1):106,Neoadjuvante,Atrasos no Tratamento (Houston vs. Sudeste do Brasil)
Adjuvant Olaparib for Patients with BRCA1 - or BRCA2 -Mutated Breast Cancer,Tutt ANJ; Garber JE; Kaufman B; Viale G; Fumagalli D; Rastogi P; et al.,2021,10.1056/NEJMoa2105215,N Engl J Med,384(25):2394-405,Neoadjuvante,AMAZONA III (Registro GBECAM 0115)
Understanding breast cancer complexity to improve patient outcomes: The St Gallen International Consensus Conference for the Primary Therapy of Individuals with Early Breast Cancer 2023,Curigliano G; Burstein HJ; Gnant M; Loibl S; Cameron D; Regan MM; et al.,2023,10.1016/j.annonc.2023.08.017,Ann Oncol,34(11):970-86,Neoadjuvante,Erro
21-Gene Assay to Inform Chemotherapy Benefit in Node-Positive Breast Cancer,Kalinsky K; Barlow WE; Gralow JR; Meric-Bernstam F; Albain KS; Hayes DF; et al.,2021,10.1056/NEJMoa2108873,N Engl J Med,385(25):2336-47,Neoadjuvante,Erro
Increasing the dose intensity of chemotherapy by more frequent administration or sequential scheduling,Gray R; Bradley R; Braybrooke J; Liu Z; Peto R; Davies L; et al.,2019,10.1016/S0140-6736(18)33137-4,Lancet,393(10179):1440-52,Neoadjuvante,Erro
Fluorouracil and dose-dense chemotherapy in adjuvant treatment of patients with early-stage breast cancer,Del Mastro L; De Placido S; Bruzzi P; De Laurentiis M; Boni C; Cavazzini G; et al.,2015,10.1016/S0140-6736(14)62048-1,Lancet,385(9980):1863-72,Neoadjuvante,Erro
Preoperative treatment of postmenopausal breast cancer patients with letrozole,Eiermann W; Paepke S; Appfelstaedt J; Llombart-Cussac A; Eremin J; Vinholes J; et al.,2001,10.1023/a:1013128213451,Ann Oncol,12(11):1527-32,Neoadjuvante,Erro
"Neoadjuvant treatment of postmenopausal breast cancer with anastrozole, tamoxifen, or both in combination",Smith IE; Dowsett M; Ebbs SR; Dixon JM; Skene A; Blohmer JU; et al.,2005,10.1200/JCO.2005.04.005,J Clin Oncol,23(22):5108-16,Neoadjuvante,Erro
"Randomized phase II neoadjuvant comparison between letrozole, anastrozole, and exemestane for postmenopausal women with estrogen receptor-rich stage 2 to 3 breast cancer",Ellis MJ; Suman VJ; Hoog J; Lin L; Snider J; Prat A; et al.,2011,10.1200/JCO.2010.31.6950,J Clin Oncol,29(17):2342-9,Neoadjuvante,Erro
Neoadjuvant Endocrine Therapy for Estrogen Receptor-Positive Breast Cancer,Spring LM; Gupta A; Reynolds KL; Gadd MA; Ellisen LW; Isakoff SJ; et al.,2016,10.1001/jamaoncol.2016.1897,JAMA Oncol,2(11):1477-86,Neoadjuvante,Erro
Mechanisms of aromatase inhibitor resistance,Ma CX; Reinert T; Chmielewska I; Ellis MJ,2015,10.1038/nrc3920,Nat Rev Cancer,15(5):261-75,Neoadjuvante,Erro
Neoadjuvant anastrozole versus tamoxifen in patients receiving goserelin for premenopausal breast cancer (STAGE),Masuda N; Sagara Y; Kinoshita T; Iwata H; Nakamura S; Yanagita Y; et al.,2012,10.1016/S1470-2045(11)70373-4,Lancet Oncol,13(4):345-52,Neoadjuvante,Erro
Current Status of Neoadjuvant Endocrine Therapy in Early Stage Breast Cancer,Reinert T; Goncalves R; Ellis MJ,2018,10.1007/s11864-018-0538-9,Curr Treat Options in Oncol,19(5):23,Neoadjuvante,Erro
Pathologic complete response rates of patients with ER-low/HER2-negative breast cancer treated with neoadjuvant pembrolizumab plus chemotherapy in the neo-real study,Bonadio RC; Tavares MC; Balint FC; de Sousa IM; Comini ACM; Madasi F; et al.,2025,10.1007/s10549-025-07628-3,Breast Cancer Res Treat,211(1):131-7,Neoadjuvante,Erro
Real-world overall survival and characteristics of patients with ER-zero and ER-low HER2-negative breast cancer treated as triple-negative breast cancer,Acs B; Hartman J; Sonmez D; Lindman H; Johansson ALV; Fredriksson I,2024,10.1016/j.lanepe.2024.100886,Lancet Reg Health Eur,40:100886,Neoadjuvante,Erro
Tailoring treatment to cancer risk and patient preference: the 2025 St Gallen International Breast Cancer Consensus Statement,Burstein HJ; Curigliano G; Gnant M; Loibl S; Regan MM; Loi S; et al.,2025,10.1016/j.annonc.2025.08.004,Ann Oncol,36(12):1433-46,Neoadjuvante,Erro
Pembrolizumab for Early Triple-Negative Breast Cancer,Schmid P; Cortes J; Pusztai L; McArthur H; Kümmel S; Bergh J; et al.,2020,10.1056/NEJMoa1910549,N Engl J Med,382(9):810-21,Neoadjuvante,EBCTCG Meta-analysis (Dose-dense)
Dose dense versus 3 weekly AC during neoadjuvant chemoimmunotherapy for triple negative breast cancer,Bonadio RC; de Sousa IM; Balint FC; Comini ACM; Tavares MC; Madasi F; et al.,2024,10.1038/s41523-024-00676-w,NPJ Breast Cancer,10(1):73,Neoadjuvante,Erro
Overall Survival with Pembrolizumab in Early-Stage Triple-Negative Breast Cancer,Schmid P; Cortes J; Dent R; McArthur H; Pusztai L; Kümmel S; et al.,2024,10.1056/NEJMoa2409932,N Engl J Med,391(21):1981-91,Neoadjuvante,N/A
Final results of weekly (w) neoadjuvant carboplatin (Cp) added to paclitaxel (P) followed by epirubicin (E) and cyclophosphamide (C) in triple negative breast cancer (TNBC) patients,Fontaine C; Cappoen N; Renard V; Van Den Bulck H; Vuylsteke P; Glorieux P; et al.,2018,10.1158/1538-7445.SABCS17-P6-15-09,Cancer Research,78(4_Supplement):P6-15-09-P6-15-09,Neoadjuvante,Erro
Tumor-Infiltrating Lymphocytes and Response to Neoadjuvant Chemotherapy With or Without Carboplatin in Human Epidermal Growth Factor Receptor 2-Positive and Triple-Negative Primary Breast Cancers,Denkert C; Von Minckwitz G; Brase JC; Sinn BV; Gade S; Kronenwett R; et al.,2015,10.1200/JCO.2014.58.1967,J Clin Oncol,33(9):983-91,Neoadjuvante,N/A
"Neoadjuvant carboplatin in triple-negative breast cancer: results from NACATRINE, a randomized phase II clinical trial",de Padua Souza C; Carneiro ASB; de Oliveira Lessa AC; Lacerda DC; Paiva CE; Zorzetto MMC; et al.,2023,10.1007/s10549-023-07011-0,Breast Cancer Res Treat,202(1):57-65,Neoadjuvante,Diretrizes de Imagem Inicial (NICE)
A phase II study of second-line neoadjuvant chemotherapy with capecitabine and radiation therapy for anthracycline-resistant locally advanced breast cancer,Gaui M de FD; Amorim G; Arcuri RA; Pereira G; Moreira D; Djahjah C; et al.,2007,10.1097/01.coc.0000245475.41324.6d,Am J Clin Oncol,30(1):78-81,Neoadjuvante,Erro
"Neoadjuvant chemotherapy with trastuzumab followed by adjuvant trastuzumab versus neoadjuvant chemotherapy alone, in patients with HER2-positive locally advanced breast cancer (the NOAH trial)",Gianni L; Eiermann W; Semiglazov V; Manikhas A; Lluch A; Tjulandin S; et al.,2010,10.1016/S0140-6736(09)61964-4,Lancet,375(9712):377-84,Neoadjuvante,Erro
Definition and impact of pathologic complete response on prognosis after neoadjuvant chemotherapy in various intrinsic breast cancer subtypes,von Minckwitz G; Untch M; Blohmer JU; Costa SD; Eidtmann H; Fasching PA; et al.,2012,10.1200/JCO.2011.38.8595,J Clin Oncol,30(15):1796-804,Neoadjuvante,N/A
Survival Analysis After Neoadjuvant Chemotherapy With Trastuzumab or Lapatinib in Patients With Human Epidermal Growth Factor Receptor 2-Positive Breast Cancer in the GeparQuinto (G5) Study (GBG 44),Untch M; von Minckwitz G; Gerber B; Schem C; Rezai M; Fasching PA; et al.,2018,N/A,J Clin Oncol,36(13):1308–16,Neoadjuvante,Erro
"Efficacy and safety of neoadjuvant pertuzumab and trastuzumab in women with locally advanced, inflammatory, or early HER2-positive breast cancer (NeoSphere)",Gianni L; Pienkowski T; Im YH; Roman L; Tseng LM; Liu MC; et al.,2012,10.1016/S1470-2045(11)70336-9,Lancet Oncol,13(1):25-32,Neoadjuvante,Erro
"5-year analysis of neoadjuvant pertuzumab and trastuzumab in patients with locally advanced, inflammatory, or early-stage HER2-positive breast cancer (NeoSphere)",Gianni L; Pienkowski T; Im YH; Tseng LM; Liu MC; Lluch A; et al.,2016,10.1016/S1470-2045(16)00163-7,Lancet Oncol,17(6):791-800,Neoadjuvante,Erro
Pertuzumab plus trastuzumab in combination with standard neoadjuvant anthracycline-containing and anthracycline-free chemotherapy regimens in patients with HER2-positive early breast cancer,Schneeweiss A; Chia S; Hickish T; Harvey V; Eniu A; Hegg R; et al.,2013,10.1093/annonc/mdt200,Ann Oncol,24(9):2278-84,Neoadjuvante,Erro
Neoadjuvant chemotherapy with or without anthracyclines in the presence of dual HER2 blockade for HER2-positive breast cancer (TRAIN-2),van Ramshorst MS; van der Voort A; van Werkhoven ED; Mandjes IA; Kemper I; Dezentje VO; et al.,2018,10.1016/S1470-2045(18)30570-9,Lancet Oncol,19(12):1630-40,Neoadjuvante,Erro
Three-year follow-up of neoadjuvant chemotherapy with or without anthracyclines in the presence of dual HER2-blockade for HER2-positive breast cancer (TRAIN-2),van der Voort A; van Ramshorst MS; van Werkhoven ED; Mandjes IA; Kemper I; Vulink AJ; et al.,2020,10.1200/JCO.2020.38.15_suppl.501,J Clin Oncol,38(15_suppl):501-501,Neoadjuvante,Erro
"Neoadjuvant trastuzumab deruxtecan alone or followed by paclitaxel, trastuzumab, and pertuzumab for high-risk HER2-positive early breast cancer (DESTINY-Breast11)",Harbeck N; Modi S; Pusztai L; Ohno S; Wu J; Kim SB; et al.,2026,10.1016/j.annonc.2025.10.007,Ann Oncol,37(2):166-79,Neoadjuvante,Erro
Adjuvant Pertuzumab and Trastuzumab in Early HER2-Positive Breast Cancer,von Minckwitz G; Procter M; de Azambuja E; Zardavas D; Benyunes M; Viale G; et al.,2017,10.1056/NEJMoa1703643,N Engl J Med,377(2):122-31,Neoadjuvante,ASTRRA
Survival with Trastuzumab Emtansine in Residual HER2-Positive Breast Cancer,Geyer CE; Untch M; Huang CS; Mano MS; Mamounas EP; Wolmark N; et al.,2025,10.1056/nejmoa2406070,N Engl J Med,392(3):249-57,Neoadjuvante,N/A
